,City,Cloudiness,Country,Humidity (%),Lat,Lng,Max Temp,Wind Speed,Date
0,beloha,0,MG,78,-25.1667,45.05,67.82,10.4,1619233924
1,adrar,1,MR,15,20.5022,-10.0711,74.7,8.95,1619233904
2,asosa,35,ET,73,10.0667,34.5333,65.14,5.06,1619234077
3,urumqi,75,CN,64,43.801,87.6005,35.6,8.95,1619233867
4,alta floresta,75,NO,64,69.9689,23.2717,32.0,8.05,1619234077
5,verkhnevilyuysk,100,RU,91,63.4453,120.3167,32.92,5.86,1619234078
6,castro,8,BR,88,-24.7911,-50.0119,52.9,3.22,1619234002
7,laguna,1,US,62,38.421,-121.4238,61.0,10.36,1619234012
8,mys shmidta,60,RU,75,62.0589,48.6201,44.49,5.73,1619234078
9,kapaa,40,US,69,22.0752,-159.319,77.0,18.41,1619233629
10,hasaki,75,JP,48,35.7333,140.8333,70.0,3.44,1619234081
11,opuwo,17,NA,39,-18.0607,13.84,68.68,8.39,1619234084
12,victoria,20,HK,61,22.2855,114.1577,84.2,17.27,1619234085
13,gat,37,IL,100,31.61,34.7642,66.0,2.51,1619233984
14,yerbogachen,21,RU,67,61.2767,108.0108,38.71,9.19,1619234087
15,qaanaaq,100,GL,79,77.484,-69.3632,17.2,5.44,1619234087
16,monteagudo,48,BO,98,-19.8167,-63.9833,63.19,1.95,1619233870
17,thompson,20,CA,49,55.7435,-97.8558,17.6,5.75,1619234088
18,saskylakh,100,RU,96,71.9167,114.0833,33.89,19.75,1619233875
19,longyearbyen,75,SJ,73,78.2186,15.6401,19.4,5.75,1619234023
20,atuona,22,PF,78,-9.8,-139.0333,80.37,24.02,1619234090
21,jacareacanga,98,BR,98,-6.2222,-57.7528,73.89,1.7,1619234090
22,albany,3,US,50,42.6001,-73.9662,45.0,6.13,1619233817
23,prestea,100,GH,95,5.4327,-2.1428,76.93,1.9,1619234091
24,butaritari,100,KI,77,3.0707,172.7902,81.21,6.69,1619234020
25,port blair,62,CD,79,-7.0349,29.7638,71.1,4.36,1619234092
26,skibbereen,40,IE,61,51.55,-9.2667,48.2,14.97,1619234093
27,lodja,100,CD,99,-3.4833,23.4333,68.04,1.72,1619234094
28,talnakh,100,RU,98,69.4865,88.3972,32.41,9.66,1619234095
29,bluff,64,NZ,87,-46.6,168.3333,53.01,1.99,1619233986
30,lompoc,4,US,71,34.6391,-120.4579,53.6,5.75,1619234021
31,vaini,20,TO,79,-21.2,-175.2,84.2,8.05,1619233879
32,puerto colombia,0,ES,72,36.5939,-6.233,63.0,24.16,1619234097
33,san patricio,43,ML,22,13.3034,-4.8956,89.69,5.03,1619233915
34,carnarvon,2,AU,26,-24.8667,113.6333,86.0,4.61,1619234098
35,punta arenas,100,PH,63,8.9897,125.34,86.97,6.89,1619234098
36,marzuq,1,YE,47,14.4,46.4667,67.86,5.5,1619234099
37,jamestown,1,US,49,42.097,-79.2353,46.4,13.8,1619234099
38,hermanus,97,ZA,90,-34.4187,19.2345,55.0,1.99,1619234014
39,hilo,90,US,57,19.7297,-155.09,78.8,5.75,1619234100
40,rikitea,100,PF,74,-23.1203,-134.9692,79.02,14.81,1619234101
41,mataura,96,NZ,87,-46.1927,168.8643,53.01,1.99,1619234101
42,bontang,92,ID,74,0.1333,117.5,83.44,6.93,1619234102
43,cherskiy,100,RU,89,68.75,161.3,27.63,4.45,1619234064
44,ushuaia,75,AR,93,-54.8,-68.3,42.8,14.97,1619233920
45,bredasdorp,96,ZA,93,-34.5322,20.0403,46.4,2.3,1619234105
46,cabo san lucas,20,BR,69,-8.2833,-35.0333,78.8,5.75,1619234106
47,axim,100,GH,80,4.8699,-2.2405,81.64,7.23,1619234038
48,andra,94,RU,96,62.5147,65.8878,38.86,3.49,1619234108
49,torbay,90,CA,100,47.6666,-52.7314,39.0,16.11,1619234108
50,dingle,91,PH,49,10.9995,122.6711,91.92,7.83,1619234109
51,hithadhoo,39,MV,69,-0.6,73.0833,82.53,3.6,1619234003
52,fairbanks,1,US,23,64.8378,-147.7164,60.8,9.22,1619234110
53,lebu,86,CL,89,-37.6167,-73.65,52.84,10.6,1619233984
54,hambantota,7,LK,71,6.1241,81.1185,82.83,4.03,1619234111
55,tuktoyaktuk,75,CA,73,69.4541,-133.0374,19.4,10.36,1619234011
56,havre-saint-pierre,40,CA,100,50.2334,-63.5986,30.2,5.75,1619233859
57,busselton,24,AU,55,-33.65,115.3333,75.0,1.99,1619234114
58,clyde river,6,US,52,41.3042,-82.9752,48.99,8.39,1619234114
59,nikolskoye,75,RU,93,59.7035,30.7861,35.01,4.36,1619234115
60,champerico,50,GT,95,14.3,-91.9167,70.0,4.34,1619234115
61,luganville,83,VU,73,-15.5333,167.1667,84.36,11.18,1619234116
62,cidreira,1,BR,82,-30.1811,-50.2056,69.64,16.2,1619234117
63,teguise,0,ES,77,29.0605,-13.564,64.4,5.75,1619234117
64,labuhan,2,ID,65,-6.8844,112.2051,84.15,4.38,1619234118
65,nova odesa,92,BR,96,-5.5279,-46.7049,72.14,2.39,1619234118
66,port elizabeth,62,CD,79,-7.0349,29.7638,71.1,4.36,1619234119
67,airai,6,TL,47,-8.9266,125.4092,75.27,3.69,1619234119
68,guerrero negro,92,MX,51,17.6667,-100.0,71.1,6.24,1619234120
69,chara,18,RU,78,56.9064,118.2631,33.33,5.03,1619234121
70,conakry,84,GN,70,9.538,-13.6773,79.93,5.64,1619233946
71,luena,98,AO,70,-11.7833,19.9167,64.17,3.33,1619234121
72,bambous virieux,75,MU,94,-20.2567,57.4061,75.99,11.5,1619234122
73,poronaysk,100,RU,99,49.2167,143.1167,34.16,4.29,1619234122
74,rosarito,90,MX,88,32.3333,-117.0333,57.2,10.36,1619234123
75,saldanha,80,ZA,87,-33.0117,17.9442,53.6,3.44,1619234123
76,klaksvik,90,FO,100,62.2266,-6.589,42.8,5.75,1619234048
77,georgetown,40,MY,94,5.4112,100.3354,82.4,4.61,1619233891
78,provideniya,31,RU,63,64.3833,-173.3,39.18,4.07,1619234125
79,troitskoye,100,RU,73,52.9821,84.6757,36.28,8.3,1619234125
80,puerto ayora,0,ES,72,36.5939,-6.233,63.0,24.16,1619234126
81,kudahuvadhoo,28,MV,64,2.6708,72.8944,83.35,9.13,1619234127
82,vila franca do campo,100,PT,95,42.0304,-8.1588,55.0,1.01,1619234127
83,katsuura,75,JP,52,35.1333,140.3,70.0,4.61,1619234128
84,esperance,100,AU,56,-33.8667,121.9,69.8,12.66,1619234004
85,kaitong,100,CN,28,44.8135,123.15,49.68,14.34,1619234129
86,avarua,75,CK,78,-21.2078,-159.775,80.6,16.11,1619234014
87,waingapu,1,ID,69,-9.6567,120.2641,84.47,10.33,1619234001
88,honningsvag,97,NO,64,70.9821,25.9704,32.54,18.84,1619234047
89,khatanga,100,RU,97,71.9667,102.5,33.33,18.92,1619234037
90,dikson,100,RU,98,73.5069,80.5464,31.93,15.08,1619234131
91,evensk,100,RU,96,61.95,159.2333,30.92,10.87,1619234132
92,vardo,100,NO,65,70.3705,31.1107,34.92,14.76,1619233918
93,severo-kurilsk,97,RU,88,50.6789,156.125,37.69,7.45,1619234032
94,candolim,20,IN,70,15.5181,73.7626,84.2,5.75,1619234133
95,tuatapere,56,NZ,87,-46.1333,167.6833,53.01,1.99,1619234134
96,cockburn town,30,AU,42,-32.0833,141.0,66.2,8.05,1619234135
97,yellowknife,75,CA,62,62.456,-114.3525,14.0,8.05,1619234135
98,temba,3,ZA,81,-25.3803,28.2631,55.0,1.14,1619234136
99,fortuna,40,US,93,40.5982,-124.1573,51.01,2.55,1619234137
100,iberia,90,US,88,29.9502,-91.7507,73.4,29.93,1619234137
101,sorland,98,NO,59,67.667,12.6934,35.74,21.7,1619234098
102,mahebourg,75,MU,94,-20.4081,57.7,75.2,11.5,1619233855
103,ribeira grande,75,ES,94,42.7461,-8.4439,55.4,5.75,1619234139
104,panaba,0,MX,74,21.2833,-88.2667,75.88,13.02,1619234139
105,bethel,1,US,53,41.3712,-73.414,50.0,5.75,1619233849
106,karratha,0,AU,18,-20.7377,116.8463,89.06,16.75,1619234061
107,chuy,12,UY,89,-33.6971,-53.4616,64.62,9.13,1619234141
108,maniitsoq,23,GL,71,65.4167,-52.9,30.24,5.95,1619234077
109,cape town,22,CL,100,-36.413,-71.9028,51.8,3.44,1619234142
110,tura,12,IN,21,25.5198,90.2201,89.11,6.76,1619234055
111,port alfred,62,CD,79,-7.0349,29.7638,71.1,4.36,1619234119
112,aklavik,79,CA,55,68.2191,-135.0107,35.6,8.05,1619234143
113,ahipara,45,NZ,65,-35.1667,173.1667,65.89,9.4,1619234144
114,mitsamiouli,83,KM,80,-11.3847,43.2844,80.78,13.58,1619234144
115,meulaboh,100,ID,77,4.1363,96.1285,81.05,3.71,1619233891
116,vestmannaeyjar,100,IS,91,63.4427,-20.2734,46.27,16.75,1619234145
117,esso,100,RU,96,55.9333,158.7,37.06,1.45,1619234146
118,lima,75,PE,88,-12.0432,-77.0282,66.0,11.5,1619234007
119,saint-philippe,0,RE,69,-21.3585,55.7679,77.0,10.36,1619233884
120,tazovskiy,100,RU,99,67.4667,78.7,33.75,10.92,1619234044
121,agua dulce,68,IT,74,45.743,8.3154,54.0,1.45,1619234148
122,romitan,0,UZ,39,39.9343,64.3814,66.2,4.61,1619234148
123,mirnyy,93,RU,84,62.5353,113.9611,31.64,11.77,1619234149
124,sao joao da barra,99,IN,25,20.5113,76.2129,84.45,13.18,1619234149
125,kaputa,56,ZM,89,-8.4689,29.6619,66.25,1.5,1619234150
126,ostersund,13,SE,80,63.1792,14.6357,28.0,13.8,1619234151
127,kodiak,90,US,81,57.79,-152.4072,41.0,9.22,1619234151
128,eureka,100,US,79,40.8021,-124.1637,50.0,1.01,1619234152
129,choma,2,ZM,74,-16.8065,26.9531,57.52,3.18,1619234152
130,woodward,90,US,93,36.4337,-99.3904,53.6,10.36,1619233962
131,jalu,61,LY,18,29.0331,21.5482,72.09,14.72,1619233874
132,prince rupert,1,CA,29,52.9669,-108.3847,30.2,6.91,1619234154
133,touros,40,BR,94,-5.1989,-35.4608,77.0,4.61,1619233933
134,ngunguru,7,NZ,58,-35.6167,174.5,71.01,5.01,1619234155
135,marystown,87,CA,83,47.1666,-55.1483,37.09,19.66,1619234155
136,galesong,20,ID,66,-5.3166,119.3661,89.6,3.44,1619234156
137,uturoa,100,PF,74,-16.7333,-151.4333,79.97,10.47,1619234156
138,tautira,40,PF,74,-17.7333,-149.15,82.4,8.05,1619234029
139,cornwall,1,CA,61,45.0181,-74.7281,50.0,11.5,1619234109
140,tasiilaq,90,GL,70,65.6145,-37.6368,37.4,25.32,1619234158
141,olafsvik,100,IS,95,64.8945,-23.7142,43.12,11.63,1619234159
142,schongau,9,DE,74,47.8167,10.9,34.0,3.44,1619234160
143,ormara,0,PK,75,25.2088,64.6357,80.74,1.68,1619234161
144,hobart,75,AU,44,-42.8794,147.3294,61.0,16.11,1619234161
145,bathsheba,40,BB,65,13.2167,-59.5167,78.8,14.97,1619234162
146,east london,0,IS,93,65.0,-15.0,32.0,3.44,1619234163
147,mangrol,99,IN,71,21.1167,70.1167,82.71,10.4,1619234163
148,gazli,100,UZ,26,40.1333,63.45,67.62,6.67,1619234164
149,keti bandar,54,AM,75,40.8737,43.8448,39.2,2.3,1619234165
150,hami,79,CN,22,42.8,93.45,51.1,11.9,1619234165
151,cayenne,75,GF,94,4.9333,-52.3333,78.01,3.44,1619234166
152,belmonte,20,BR,88,-15.8631,-38.8828,73.4,2.3,1619234167
153,bubaque,60,GW,71,11.2833,-15.8333,77.38,15.52,1619234167
154,chokurdakh,20,RU,85,70.6333,147.9167,10.98,1.3,1619233947
155,fort nelson,100,NL,92,52.6517,6.3861,37.99,1.01,1619234168
156,jennings,90,US,62,38.7192,-90.2604,57.99,8.05,1619234169
157,tiksi,100,RU,82,71.6872,128.8694,18.27,16.87,1619233954
158,kavieng,96,PG,75,-2.5744,150.7967,81.01,3.4,1619234067
159,terney,100,RU,59,45.0503,136.6092,55.8,11.5,1619234170
160,zhuhai,40,CN,83,22.2769,113.5678,87.01,13.8,1619234171
161,sault sainte marie,0,FR,76,44.091,5.4089,50.0,3.44,1619234171
162,coahuayana,41,MX,73,18.7333,-103.6833,72.9,0.6,1619234172
163,bengkulu,100,ID,66,-3.8004,102.2655,82.69,1.34,1619234173
164,mar del plata,0,ES,59,43.4002,-4.0094,62.6,4.61,1619234173
165,mackay,90,AU,83,-21.15,149.2,73.4,13.8,1619234174
166,namibe,29,AO,82,-15.1961,12.1522,76.91,5.59,1619234041
167,grand river south east,1,US,13,38.8755,-109.5012,57.2,8.05,1619234175
168,ostrovnoy,100,RU,93,68.0531,39.5131,32.16,25.66,1619234176
169,namatanai,84,PG,69,-3.6667,152.4333,83.07,5.44,1619234176
170,saalfeld,50,DE,91,50.65,11.3667,37.0,1.48,1619234177
171,loikaw,82,MM,42,19.6742,97.2094,89.1,1.01,1619234177
172,golubitskaya,90,RU,82,45.3222,37.2822,51.8,11.18,1619234178
173,najran,91,SA,21,17.4924,44.1277,69.8,4.61,1619234023
174,port lincoln,62,CD,79,-7.0349,29.7638,71.1,4.36,1619234119
175,faya,0,SA,51,18.3851,42.4509,62.6,1.92,1619233922
176,yelatma,21,RU,91,54.9675,41.7508,44.82,9.75,1619234180
177,sao filipe,99,IN,25,20.5113,76.2129,84.45,13.18,1619234181
178,dongsheng,100,CN,36,39.8161,109.9776,59.76,11.83,1619233913
179,chilliwack,100,CA,72,49.1747,-121.9443,57.2,3.44,1619234012
180,codrington,81,AU,71,-38.2667,141.9667,61.07,14.32,1619233898
181,arraial do cabo,0,BR,88,-22.8362,-46.646,64.0,11.5,1619234182
182,sitka,20,US,23,57.0531,-135.33,59.0,4.61,1619234182
183,faanui,100,PF,75,-16.4833,-151.75,80.13,10.13,1619234183
184,sur,0,OM,31,22.5667,59.5289,87.13,5.37,1619234183
185,havoysund,90,NO,64,70.9963,24.6622,30.2,12.66,1619234184
186,ucluelet,100,CA,83,48.9329,-125.5528,50.0,4.92,1619233941
187,souillac,75,MU,94,-20.5167,57.5167,75.2,11.5,1619234010
188,shadegan,40,IR,53,30.6497,48.6647,77.0,4.29,1619234185
189,barra patuca,42,BR,73,-11.0894,-43.1417,75.6,2.77,1619234186
190,hirado,75,JP,56,33.3597,129.5531,71.6,6.91,1619234187
191,new norfolk,20,LR,94,6.6518,-10.5932,77.0,2.57,1619234187
192,amahai,30,ID,66,-3.3333,128.9167,85.51,4.92,1619234188
193,penzance,57,GB,87,50.1186,-5.5371,48.2,25.75,1619234188
194,caravelas,6,BR,87,-17.7125,-39.2481,73.24,4.7,1619234189
195,beringovskiy,99,RU,91,63.05,179.3167,29.84,5.82,1619234190
196,nago,90,JP,88,26.5881,127.9761,68.0,18.41,1619234190
197,kenai,1,US,40,60.5544,-151.2583,53.6,5.06,1619234191
198,zigong,100,CN,83,29.3416,104.7769,68.16,10.11,1619234192
199,kohlu,0,PK,29,29.8962,69.252,70.27,5.17,1619234192
200,upernavik,100,GL,88,72.7868,-56.1549,28.0,4.54,1619234019
201,leningradskiy,94,RU,86,69.3833,178.4167,29.28,6.53,1619233984
202,ancud,40,CL,100,-41.8697,-73.8203,48.0,3.2,1619234194
203,colesberg,0,ZA,48,-30.72,25.0972,53.38,2.66,1619234194
204,ada,1,US,23,43.4166,-116.1262,60.8,5.75,1619234195
205,saint-augustin,100,CA,98,51.226,-58.6502,32.07,12.66,1619234196
206,ubatuba,0,BR,94,-23.4339,-45.0711,60.8,2.3,1619234196
207,necochea,100,AR,98,-38.5473,-58.7368,60.01,1.01,1619233909
208,yavatmal,96,IN,20,20.4,78.1333,92.34,7.54,1619234197
209,san andres,43,ML,22,13.3034,-4.8956,89.69,5.03,1619233915
210,nome,1,US,70,64.5011,-165.4064,39.99,3.44,1619234198
211,ust-kulom,11,RU,84,61.6864,53.6902,41.63,5.64,1619234199
212,yulara,16,AU,31,-25.2406,130.9889,73.4,14.97,1619234202
213,aksarka,48,RU,99,66.5606,67.7975,33.01,9.64,1619234208
214,kutum,45,SD,17,14.2,24.6667,76.21,9.69,1619234210
215,odienne,54,CI,63,9.51,-7.5692,76.71,4.9,1619234211
216,padampur,0,IN,32,29.6833,73.6167,78.4,7.09,1619234211
217,constitucion,0,CL,75,-35.3333,-72.4167,54.99,8.19,1619234095
218,guilin,90,CN,78,25.2819,110.2864,77.0,2.24,1619234215
219,sabang,93,ID,70,5.8933,95.3214,83.53,16.89,1619234215
220,lagoa,44,PT,72,39.05,-27.9833,57.25,33.2,1619234216
221,cocobeach,100,GA,83,1.0002,9.5823,78.87,4.05,1619234217
222,ilulissat,100,GL,64,69.2167,-51.1,30.2,2.3,1619234218
223,chernomorskiy,100,RU,85,44.8506,38.4936,54.0,5.77,1619234218
224,morondava,0,MG,78,-20.2833,44.2833,73.99,5.26,1619234219
225,shenjiamen,100,CN,92,29.9576,122.298,61.27,6.51,1619234220
226,nishihara,90,JP,94,26.1842,127.7558,69.8,17.27,1619233983
227,cuiluan,64,CN,25,47.72,128.648,48.51,10.49,1619234226
228,kaitangata,100,NZ,64,-46.2817,169.8464,55.0,7.0,1619234027
229,mananjary,70,MG,92,-21.2167,48.3333,70.77,6.62,1619234230
230,mizdah,98,LY,79,31.4451,12.9801,55.87,7.83,1619234235
231,richards bay,90,US,69,46.8361,-95.9123,35.01,14.97,1619234235
232,hamilton,1,US,62,39.1834,-84.5333,52.0,4.61,1619234198
233,dunedin,100,NZ,86,-45.8742,170.5036,54.0,5.99,1619234239
234,altay,1,CN,44,47.8667,88.1167,30.11,4.34,1619234242
235,cootamundra,90,AU,47,-34.65,148.0333,66.0,5.01,1619234245
236,alofi,26,NU,83,-19.0595,-169.9187,82.4,9.22,1619234246
237,mayo,38,US,73,38.8876,-76.5119,51.01,6.89,1619234247
238,luderitz,3,NA,78,-26.6481,15.1594,62.2,7.45,1619234250
239,half moon bay,20,LR,94,6.3807,-10.6953,77.0,4.25,1619234253
240,surt,100,LY,87,31.2089,16.5887,63.82,18.97,1619234256
241,phetchaburi,96,TH,60,12.9667,99.5833,91.99,2.62,1619234268
242,khuzhir,100,RU,70,53.1939,107.3397,31.5,15.37,1619234269
243,dovolnoye,4,RU,63,54.4958,79.6671,39.99,6.58,1619234274
244,ponta do sol,48,PT,76,38.7333,-28.2667,53.08,30.38,1619234280
245,teya,29,RU,78,60.3778,92.6267,38.64,2.86,1619234283
246,vao,70,NC,74,-22.6667,167.4833,75.87,10.4,1619234191
247,xianyang,90,CN,88,34.3378,108.7026,59.0,13.42,1619234284
248,cooma,36,AU,31,-36.2333,149.1333,60.8,5.75,1619234285
249,tabou,96,CI,85,4.423,-7.3528,79.97,7.27,1619233994
250,estevan,1,CA,42,49.1334,-102.9842,28.4,6.91,1619234293
251,rodrigues alves,58,MU,79,-19.7,63.4167,77.77,17.4,1619234298
252,dandong,100,CN,45,40.1292,124.3947,67.91,9.51,1619234304
253,bayan,100,CN,17,46.0833,127.4,50.54,16.67,1619234312
254,igarka,100,RU,96,67.4667,86.5833,31.8,19.15,1619234314
255,diapaga,70,BF,43,12.0708,1.7889,85.1,5.66,1619234316
256,juterbog,84,DE,83,51.9833,13.0833,37.0,7.43,1619234318
257,college,20,US,24,64.8569,-147.8028,60.8,8.05,1619234320
258,kibala,0,TD,65,9.1104,18.3463,78.8,7.49,1619234324
259,palmas bellas,40,BR,94,-10.2128,-48.3603,77.0,4.61,1619234037
260,standerton,6,ZA,92,-26.9337,29.2415,46.0,1.9,1619234328
261,buloh kasap,100,ID,64,5.2548,96.1429,84.79,3.78,1619234329
262,churapcha,100,RU,81,62.0025,132.4325,28.72,7.76,1619234330
263,brokopondo,100,SR,97,4.75,-55.1667,73.87,10.47,1619234331
264,zabid,8,YE,67,14.1951,43.3152,79.43,4.74,1619234332
265,saint-ambroise,16,CA,29,48.5501,-71.3324,46.4,13.8,1619234332
266,shimoda,75,JP,59,34.6667,138.95,69.01,10.36,1619234085
267,taoudenni,0,ML,8,22.6783,-3.9836,85.03,8.39,1619234094
268,barrow,1,US,74,71.2906,-156.7887,28.4,3.44,1619234334
269,husavik,0,IS,93,66.0449,-17.3389,35.6,3.44,1619234308
270,zlobin,0,HR,40,45.2924,14.6541,53.6,8.05,1619234335
271,matara,72,LK,82,5.9485,80.5353,81.34,5.32,1619234336
272,norman wells,90,US,88,35.2226,-97.4395,60.8,5.75,1619234268
273,victor harbor,47,US,53,42.9826,-77.4089,50.0,3.0,1619234337
274,port hedland,62,CD,79,-7.0349,29.7638,71.1,4.36,1619234338
275,port shepstone,62,CD,79,-7.0349,29.7638,71.1,4.36,1619234338
276,winslow,1,US,29,35.0242,-110.6974,60.8,20.71,1619234339
277,hirara,40,JP,73,24.8,125.2833,77.0,18.41,1619234229
278,kupang,2,ID,60,-10.1667,123.5833,85.98,5.21,1619234340
279,pisco,2,PE,88,-13.7,-76.2167,66.0,5.75,1619234193
280,vila velha,100,PT,95,42.0304,-8.1588,55.0,1.01,1619234341
281,kayerkan,100,RU,95,69.3497,87.7602,30.07,22.01,1619234341
282,rundu,0,NA,49,-17.9333,19.7667,55.62,4.68,1619234342
283,vostok,100,RU,91,46.4856,135.8833,35.55,4.41,1619234343
284,de-kastri,92,RU,67,51.4667,140.7833,37.85,6.96,1619234343
285,punta alta,100,PH,63,8.9897,125.34,86.97,6.89,1619234098
286,moussoro,21,TD,14,13.6408,16.4901,80.46,4.47,1619234344
287,kawalu,5,ID,60,-7.3817,108.2082,83.75,3.6,1619234345
288,panama city,45,PA,80,9.0,-80.0,78.01,1.01,1619234346
289,zharkent,0,KZ,26,44.1628,80.0,41.27,8.81,1619234346
290,noyon,0,FR,87,49.5833,3.0,42.01,14.97,1619234347
291,acapulco,40,MX,78,16.8634,-99.8901,80.6,4.61,1619234194
292,phan thiet,20,TH,66,19.5539,99.7405,91.99,3.44,1619234349
293,thinadhoo,1,MV,66,0.5333,72.9333,82.58,5.32,1619234105
294,corning,1,US,57,42.1428,-77.0547,44.6,6.91,1619234351
295,marijampole,0,LT,86,54.5667,23.35,32.0,5.75,1619234352
296,kaberamaido,100,UG,91,1.7389,33.1594,66.42,2.75,1619234352
297,ardabil,90,IR,100,38.2498,48.2933,42.8,1.66,1619234353
298,sao jose da coroa grande,99,IN,25,20.5113,76.2129,84.45,13.18,1619234149
299,harper,88,LR,83,4.375,-7.7169,80.6,7.92,1619234354
300,kautokeino,100,NO,88,69.0125,23.0412,19.69,13.56,1619234355
301,lovington,38,US,27,32.944,-103.3485,64.99,3.0,1619234356
302,vila,100,PT,95,42.0304,-8.1588,55.0,1.01,1619234357
303,anamur,0,TR,82,36.0751,32.8369,55.4,5.75,1619234357
304,cotacachi,75,EC,94,0.3,-78.2667,57.2,4.61,1619234359
305,suntar,77,RU,64,62.1444,117.6319,40.73,9.33,1619234359
306,solnechnyy,73,RU,43,50.7214,136.6319,42.75,10.92,1619234360
307,deputatskiy,8,RU,77,69.3,139.9,13.77,3.29,1619234361
308,herat,0,AF,9,34.5,62.0,66.2,2.3,1619234362
309,balakhta,91,RU,66,55.38,91.6,37.42,11.18,1619234363
310,waitati,100,NZ,86,-45.75,170.5667,54.0,5.99,1619234364
311,aripuana,43,BR,97,-9.1667,-60.6333,72.5,0.98,1619234166
312,nyandoma,100,RU,93,61.669,40.1991,43.65,7.52,1619234365
313,waipawa,1,NZ,63,-41.4122,175.5153,66.2,18.41,1619234365
314,fredericksburg,1,US,61,38.3032,-77.4605,48.0,2.77,1619234077
315,tulsipur,83,NP,20,28.131,82.2973,85.96,1.43,1619234366
316,petropavlovka,100,RU,58,50.6114,105.3196,39.81,4.56,1619234367
317,maningrida,100,AU,33,-12.0667,134.2667,88.5,14.09,1619234368
318,bayburt,76,TR,46,40.2589,40.2278,47.57,0.51,1619234368
319,inhambane,91,MZ,88,-23.865,35.3833,65.57,6.2,1619234082
320,valparaiso,1,CL,75,-33.0393,-71.6273,57.99,10.49,1619234293
321,matagami,1,CA,56,49.7502,-77.6328,42.8,5.75,1619234369
322,korla,15,CN,42,41.7597,86.1469,48.54,3.09,1619234310
323,ussel,38,FR,70,45.55,2.3167,43.0,3.0,1619234370
324,camacha,20,PT,72,33.0833,-16.3333,62.6,13.8,1619234371
325,pahrump,0,US,14,36.2083,-115.9839,73.0,1.01,1619234371
326,narsaq,75,GL,69,60.9167,-46.05,35.6,3.44,1619234341
327,portobelo,36,PA,89,9.55,-79.65,78.01,42.01,1619234372
328,lebedinyy,100,RU,94,58.5167,125.5167,25.02,17.94,1619234373
329,zhigansk,100,RU,74,66.7697,123.3711,23.95,9.15,1619234374
330,lerwick,90,GB,87,60.1545,-1.1494,44.6,2.3,1619234375
331,sant feliu de guixols,31,RO,87,47.45,24.9,27.0,2.44,1619234376
332,hanumangarh,0,IN,33,29.5833,74.3167,77.67,6.96,1619234376
333,padang,20,ID,66,-0.9492,100.3543,86.0,2.3,1619234303
334,buraydah,20,SA,24,26.326,43.975,71.6,5.75,1619234377
335,port-gentil,100,GA,77,-0.7193,8.7815,80.92,5.5,1619234378
336,nabire,10,ID,76,-3.3667,135.4833,83.93,4.47,1619234379
337,turinsk,100,RU,70,58.0458,63.696,44.96,5.03,1619234379
338,preeceville,96,CA,52,51.95,-102.6677,29.82,3.87,1619234380
339,ibra,0,OM,27,22.6906,58.5334,80.38,1.92,1619234380
340,bograd,0,RU,31,54.2344,90.8328,44.6,6.71,1619234381
341,coquimbo,0,CL,76,-29.9533,-71.3436,55.4,8.05,1619234381
342,sobolevo,58,RU,88,54.4299,31.8996,32.02,5.73,1619234382
343,hervey bay,90,US,88,33.4982,-93.7771,62.6,4.61,1619234383
344,pevek,54,RU,85,69.7008,170.3133,19.83,2.01,1619234383
345,erzin,33,TR,58,36.9559,36.2,60.01,11.01,1619234384
346,boa vista,100,CM,93,4.4296,8.9742,76.89,4.32,1619234385
347,cedar city,40,US,76,41.2122,-92.5257,53.01,9.22,1619234385
348,duobao,100,CN,96,30.67,112.6895,57.0,13.58,1619234386
349,arcata,90,US,81,40.8665,-124.0828,50.0,10.36,1619234226
350,pacific grove,100,US,70,38.482,-90.7415,57.0,5.82,1619234387
351,victoria point,20,HK,61,22.2855,114.1577,84.2,17.27,1619234387
352,hobyo,83,SO,73,5.3505,48.5268,83.12,8.23,1619234388
353,mount gambier,100,GB,68,53.6597,-1.8537,44.01,2.26,1619234183
354,hwange,1,ZW,62,-18.3693,26.5019,61.99,3.22,1619234389
355,kaabong,82,UG,88,3.4836,34.1492,63.21,7.23,1619234390
356,camopi,100,GF,99,3.1655,-52.3158,72.54,2.04,1619234096
357,iqaluit,90,CA,100,63.7506,-68.5145,28.4,3.44,1619234391
358,chapais,1,CA,48,49.7834,-74.8492,39.2,5.75,1619234265
359,alyangula,100,AU,48,-13.8483,136.4192,87.8,9.22,1619234393
360,jiangyou,100,CN,81,31.7667,104.7167,65.93,0.78,1619234393
361,nara,75,JP,60,34.6851,135.8049,71.01,3.44,1619234394
362,price,1,US,25,39.5994,-110.8107,48.2,6.91,1619234395
363,kud,1,IN,52,33.0833,75.2833,48.65,9.48,1619234395
364,broome,1,US,40,42.2506,-75.833,48.2,12.66,1619234396
365,ikalamavony,3,MG,89,-21.15,46.5833,61.25,5.66,1619234397
366,springdale,90,US,100,36.1867,-94.1288,55.4,8.05,1619234397
367,kasongo,100,CD,99,-4.45,26.6667,67.91,2.8,1619234343
368,lorca,100,ES,92,37.6712,-1.7017,57.99,7.83,1619234399
369,qaqortoq,75,GL,69,60.7167,-46.0333,35.6,3.44,1619234399
370,iskateley,60,RU,83,67.6803,53.1512,33.42,3.83,1619234400
371,vilhena,95,BR,83,-12.7406,-60.1458,72.43,3.51,1619234278
372,komsomolskiy,100,UZ,31,40.4272,71.7189,62.6,2.3,1619234401
373,haines junction,1,US,26,59.2286,-135.4441,57.2,10.36,1619234401
374,leh,10,IN,44,34.1667,77.5833,26.89,5.08,1619234366
375,gorodovikovsk,100,RU,87,46.0878,41.9335,51.03,3.69,1619234405
376,krasnoselkup,95,RU,98,65.7,82.4667,33.13,16.44,1619234405
377,tual,100,ID,72,-5.6667,132.75,84.27,18.37,1619234406
378,tianpeng,0,CN,53,30.9866,103.9393,73.4,8.95,1619234406
379,buala,56,SB,69,-8.145,159.5921,84.79,5.28,1619234407
380,rovaniemi,90,FI,93,66.5,25.7167,28.4,17.27,1619234408
381,palana,100,RU,93,59.1167,159.9667,28.18,10.83,1619234409
382,male,40,MV,79,4.1748,73.5089,86.0,10.36,1619234410
383,kathmandu,75,NP,43,27.7167,85.3167,71.6,3.44,1619234406
384,vestmanna,90,FO,100,62.1564,-7.1664,42.8,5.75,1619234168
385,kalmunai,12,LK,71,7.4167,81.8167,83.84,1.95,1619234411
386,sao miguel do araguaia,99,IN,25,20.5113,76.2129,84.45,13.18,1619234149
387,nyurba,96,RU,92,63.2842,118.3319,36.19,7.29,1619234413
388,alekseyevka,100,RU,86,50.6309,38.6903,47.46,15.59,1619234414
389,hokitika,58,NZ,73,-42.7167,170.9667,57.94,9.22,1619234415
390,buta,99,CD,99,2.7858,24.73,70.11,1.99,1619234416
391,benguela,98,AO,88,-12.5763,13.4055,79.07,4.41,1619234416
392,pimentel,6,PE,87,-6.8367,-79.9342,63.0,5.99,1619234417
393,isangel,75,VU,74,-19.55,169.2667,86.0,5.75,1619234418
394,ust-kuyga,35,RU,83,70.0167,135.6,17.67,7.92,1619234284
395,puerto suarez,0,ES,72,36.5939,-6.233,63.0,24.16,1619234126
396,pitimbu,0,BR,88,-7.4706,-34.8086,77.0,3.44,1619234420
397,venice,75,US,73,27.0998,-82.4543,75.2,12.66,1619234280
398,moerai,100,PF,72,-22.4333,-151.3333,76.8,17.0,1619234421
399,portland,90,US,58,45.5234,-122.6762,57.99,2.71,1619233913
400,kibondo,21,TZ,96,-3.5864,30.7203,58.06,1.25,1619234422
401,darhan,100,MN,71,49.4867,105.9228,37.38,4.79,1619234423
402,vaitape,100,PF,75,-16.5167,-151.75,80.04,10.22,1619234423
403,coron,94,PH,64,11.9986,120.2043,86.99,3.71,1619234424
404,east wenatchee bench,0,IS,93,65.0,-15.0,32.0,3.44,1619234398
405,kirkkonummi,100,FI,90,60.1238,24.4385,34.0,1.01,1619234425
406,kijang,0,KR,43,35.2442,129.2139,71.6,5.75,1619234427
407,glenwood springs,90,US,71,41.5425,-87.6023,53.6,4.61,1619234428
408,bac lieu,0,RS,93,45.3919,19.2367,37.0,5.75,1619234429
409,port hardy,62,CD,79,-7.0349,29.7638,71.1,4.36,1619234429
410,kaoma,37,ZM,79,-14.7833,24.8,57.42,5.41,1619234430
411,majene,23,ID,69,-3.5403,118.9707,85.03,7.23,1619234431
412,malatya,0,TR,75,38.5,38.0,39.2,4.61,1619234431
413,emerald,90,AU,23,-23.5333,148.1667,82.4,8.05,1619234432
414,kohima,20,IN,45,25.6667,94.1167,84.2,3.44,1619234432
415,nanortalik,10,GL,91,60.1432,-45.2371,34.77,4.45,1619234433
416,saposoa,40,PE,78,-6.934,-76.7716,78.8,2.3,1619234434
417,northam,41,GB,55,51.0333,-4.2167,48.99,11.01,1619234434
418,tucuman,90,AR,100,-26.8241,-65.2226,66.2,5.75,1619234435
419,jalesar,0,IN,30,27.4833,78.3167,83.48,11.14,1619234436
420,maceio,20,BR,94,-9.6658,-35.7353,73.4,3.44,1619234436
421,vicksburg,90,US,100,32.3526,-90.8779,62.6,8.05,1619234437
422,saint-louis,35,SN,37,16.3333,-15.0,74.19,12.33,1619234437
423,tanout,66,NE,13,14.9709,8.8879,82.71,8.12,1619234438
424,berlevag,100,NO,74,70.8578,29.0864,33.13,15.88,1619234251
425,kota kinabalu,92,IN,31,25.1833,75.8333,84.45,6.58,1619234145
426,rio grande,75,GR,82,38.3,21.7833,57.2,20.71,1619234439
427,merauke,35,ID,75,-8.4667,140.3333,84.15,3.74,1619234282
428,porto torres,40,PT,88,41.1496,-8.611,59.0,8.05,1619234254
429,okha,6,RU,65,53.5739,142.9478,33.66,9.95,1619234441
430,arlit,98,NE,8,18.7369,7.3853,81.64,5.26,1619234441
431,gold coast,1,US,71,35.7932,-81.762,52.0,2.64,1619234442
432,narrabri,1,AU,32,-30.3167,149.7833,72.0,6.91,1619234442
433,seoul,0,KR,26,37.5683,126.9778,71.6,8.05,1619234194
434,yazd,75,IR,22,31.8972,54.3675,77.0,2.3,1619234368
435,filadelfia,1,US,50,39.9523,-75.1638,55.99,8.05,1619234324
436,amapa,100,BR,99,1.0,-52.0,72.0,1.12,1619234444
437,khujner,41,IN,23,23.7833,76.6,88.65,10.8,1619234354
438,shizunai,100,JP,68,42.3339,142.3669,50.04,4.41,1619234445
439,angoche,10,MZ,81,-16.2325,39.9086,74.7,7.02,1619234446
440,praia,40,CV,77,14.9215,-23.5087,68.0,13.8,1619234446
441,cockburn harbour,30,AU,42,-32.0833,141.0,66.2,8.05,1619234447
442,banihal,33,IN,81,33.4167,75.2,47.57,7.52,1619234448
443,myitkyina,6,MM,25,25.3833,97.4,96.55,1.01,1619234449
444,pokhara,30,NP,18,28.2333,83.9833,83.14,4.61,1619234449
445,saiha,88,IN,15,22.4833,92.9667,90.43,4.45,1619234450
446,akyab,22,MM,59,20.15,92.9,86.77,4.56,1619234450
447,ito,75,JP,55,34.9667,139.0833,69.01,9.22,1619234451
448,manzanillo,59,CU,74,20.3433,-77.1167,76.62,12.24,1619234452
449,avera,1,US,62,33.194,-82.5271,57.2,5.75,1619234453
450,tete,0,MZ,83,-16.1564,33.5867,69.8,4.61,1619234454
451,fuyang,100,CN,75,32.9,115.8167,62.91,10.67,1619234454
452,pedernales,2,DO,69,18.0384,-71.744,78.84,2.82,1619234455
453,mariental,0,NA,29,-24.6333,17.9667,63.64,7.23,1619234456
454,banda aceh,9,IN,12,25.4833,80.3333,94.59,11.25,1619234457
455,cam ranh,0,AR,71,-38.9838,-67.8222,53.6,8.05,1619234457
456,visakhapatnam,20,IN,65,17.69,83.2093,84.2,2.3,1619234458
457,aykhal,25,RU,97,66.0,111.5,33.49,9.48,1619234459
458,geraldton,2,AU,21,-28.7667,114.6,86.0,5.75,1619234459
459,dekar,0,BW,38,-21.5333,21.9333,57.97,5.14,1619234460
460,morant bay,20,JM,83,17.9,-76.4333,78.8,5.75,1619234461
461,doha,0,QA,50,25.2867,51.5333,84.0,5.75,1619234320
462,camacupa,95,AO,75,-12.0167,17.4833,60.33,2.51,1619234462
463,yanam,40,IN,70,16.7333,82.2167,86.0,3.44,1619234463
464,kailua,90,US,69,21.4022,-157.7394,78.8,11.5,1619234464
465,port macquarie,62,CD,79,-7.0349,29.7638,71.1,4.36,1619234465
466,alice springs,1,US,88,27.7523,-98.0697,80.6,8.05,1619234466
467,bairnsdale,82,AU,46,-37.8333,147.6167,66.99,3.0,1619234467
468,ambilobe,65,MG,85,-13.2,49.05,70.27,3.51,1619234355
469,hit,51,IQ,13,33.6416,42.8251,74.57,8.88,1619234473
470,oranjemund,14,NA,89,-28.55,16.4333,58.3,5.14,1619234476
471,fremont,40,US,71,37.5483,-121.9886,55.0,9.22,1619234479
472,manakara,83,MG,93,-22.1333,48.0167,69.69,4.43,1619234480
473,berdigestyakh,100,RU,72,62.0989,126.6992,26.82,10.83,1619234481
474,marsa matruh,40,MT,88,35.8792,14.4953,59.0,9.22,1619234483
475,owando,100,CG,98,-0.4819,15.8999,68.83,3.6,1619234484
476,mingguang,100,CN,64,32.7802,117.9638,66.52,12.1,1619234486
477,ferrol,100,ES,10,43.4832,-8.2369,57.99,18.99,1619234493
478,lorengau,93,PG,79,-2.0226,147.2712,81.61,7.74,1619234474
479,spornoye,75,RU,93,50.8448,37.2913,37.4,11.18,1619234508
480,riyadh,0,SA,18,24.6877,46.7219,78.8,5.75,1619234394
481,key west,26,US,22,32.7282,-101.7996,71.01,8.01,1619234509
482,harindanga,0,IN,52,22.0383,88.3214,91.4,9.22,1619234509
483,tateyama,75,JP,55,34.9833,139.8667,64.0,9.22,1619234510
484,maarianhamina,90,AX,69,60.0973,19.9348,35.6,16.11,1619234511
485,talaya,100,RU,70,61.3833,152.75,19.22,11.54,1619234511
486,campbell river,92,US,68,38.9501,-84.3833,51.01,4.32,1619234512
487,antananarivo,75,MG,88,-18.9137,47.5361,62.6,10.36,1619234228
488,vanavara,100,RU,75,60.34,102.2797,37.24,1.14,1619234414
489,launceston,40,AU,51,-41.45,147.1667,64.0,14.97,1619234513
490,whitecourt,20,CA,32,54.1502,-115.6855,33.8,3.44,1619234463
491,sisak,0,HR,87,45.4661,16.3783,46.0,1.45,1619234514
492,butterworth,40,MY,83,5.3991,100.3638,82.4,2.3,1619234514
493,dzhebariki-khaya,21,RU,70,62.2167,135.8,27.61,8.63,1619234515
494,siocon,75,PH,62,7.7061,122.1353,87.13,6.33,1619234515
495,inverness,0,GB,100,57.4791,-4.224,34.0,2.3,1619234516
496,yumen,67,CN,48,40.2833,97.2,47.59,1.79,1619234517
497,suamico,20,US,46,44.6319,-88.0393,50.0,4.61,1619234518
498,wattegama,9,LK,69,6.7989,81.4808,83.88,3.44,1619234518
499,aberdeen,68,GB,93,57.1437,-2.0981,33.8,1.14,1619234227
500,kaeo,29,NZ,58,-35.1,173.7833,71.01,5.01,1619234520
501,bafq,86,IR,22,31.6128,55.4107,77.85,8.66,1619234520
502,matai,20,TZ,88,-8.3,31.5167,59.0,5.75,1619234522
503,aksu,1,CN,45,41.1231,80.2644,53.33,13.18,1619234522
504,sabratah,36,LY,84,32.7933,12.4885,60.19,9.89,1619234523
505,saint-felicien,1,CA,42,48.6501,-72.4491,44.6,10.36,1619234347
506,kruisfontein,93,ZA,93,-34.0033,24.7314,57.99,1.99,1619234524
507,kurilsk,29,RU,67,45.2333,147.8833,43.5,11.43,1619234524
508,batagay,77,RU,74,67.6333,134.6333,20.5,2.68,1619234525
509,paamiut,2,GL,77,61.994,-49.6678,31.77,3.89,1619234254
510,beruwala,14,LK,73,6.4788,79.9828,83.48,2.13,1619234526
511,mafinga,9,TZ,83,-7.25,35.0667,62.11,2.8,1619234527
512,nikko,100,JP,20,36.75,139.6167,72.0,5.01,1619234518
513,pangnirtung,100,CA,89,66.1451,-65.7125,30.9,6.67,1619234305
514,santa helena de goias,3,PH,51,17.486,120.4348,88.21,12.91,1619234529
515,vangaindrano,71,MG,90,-23.35,47.6,69.94,2.84,1619234529
516,bento goncalves,100,ID,61,-1.798,101.2804,71.55,1.92,1619234530
517,tilichiki,28,RU,88,60.4667,166.1,29.26,2.1,1619234530
518,kahului,20,US,57,20.8947,-156.47,78.8,23.02,1619234326
519,motala,0,SE,60,58.5371,15.0365,33.8,11.5,1619234531
520,tukrah,76,LY,24,32.5341,20.5791,74.19,27.34,1619234532
521,tigre,0,AR,88,-34.426,-58.5796,66.0,5.75,1619234533
522,kloulklubed,75,PW,66,7.0419,134.2556,87.8,13.8,1619234533
523,mbuji-mayi,100,CD,97,-6.15,23.6,69.12,2.04,1619234284
524,hovd,20,MN,18,48.0056,91.6419,37.13,7.18,1619234535
525,pochutla,100,MX,79,15.7432,-96.4661,81.0,1.01,1619234536
526,kargasok,5,RU,73,59.0556,80.8572,38.01,4.76,1619234536
527,krasnoarmeysk,66,RU,85,51.0239,45.6969,46.99,3.69,1619234538
528,kavaratti,39,IN,67,10.5669,72.642,84.51,5.19,1619234538
529,kuryk,3,KZ,73,43.2,51.65,54.07,1.43,1619234539
530,kongolo,96,CD,97,-5.3833,27.0,68.58,1.97,1619234541
531,rocha,79,UY,96,-34.4833,-54.3333,61.7,8.01,1619234542
532,djenne,59,ML,10,13.9061,-4.5533,89.74,5.77,1619234543
533,zhoucheng,100,CN,65,35.9122,116.3117,60.98,18.5,1619234544
534,kita,85,ML,30,13.0349,-9.4895,89.33,5.53,1619234358
535,swellendam,72,ZA,93,-34.0226,20.4417,46.4,2.3,1619234355
536,mabaruma,74,GY,95,8.2,-59.7833,72.66,2.59,1619234545
537,villa oliva,8,IT,64,46.2039,10.1339,48.0,5.08,1619234546
538,xichang,19,CN,34,27.8964,102.2634,77.56,3.8,1619234547
539,hofn,100,IS,76,64.2539,-15.2082,44.73,4.68,1619234548
540,srednekolymsk,100,RU,91,67.45,153.6833,16.03,19.26,1619234324
541,baker city,90,US,94,30.5882,-91.1682,66.99,12.66,1619234550
542,zelenoborskiy,100,RU,100,66.845,32.3622,30.0,4.34,1619234550
